<?xml version="1.0" encoding="UTF-8"?>
<ui version="4.0">
 <class>Form</class>
 <widget class="QWidget" name="Form">
  <property name="geometry">
   <rect>
    <x>0</x>
    <y>0</y>
    <width>1600</width>
    <height>400</height>
   </rect>
  </property>
  <property name="windowTitle">
   <string>Encrypto HASH</string>
</property>
  <widget class="QPushButton" name="encrypt_button">
   <property name="geometry">
    <rect>
     <x>10</x>
     <y>300</y>
     <width>141</width>
     <height>51</height>
    </rect>
   </property>
   <property name="text">
    <string>Encrypt</string>
   </property>
  </widget>
  <widget class="QLineEdit" name="input">
   <property name="geometry">
    <rect>
     <x>20</x>
     <y>60</y>
     <width>1500</width>
     <height>31</height>
    </rect>
   </property>
  </widget>
  <widget class="QLineEdit" name='result'>
   <property name="geometry">
    <rect>
     <x>20</x>
     <y>200</y>
     <width>1500</width>
     <height>31</height>
    </rect>
   </property>
  </widget>
  <widget class="QLabel" name="will_be_hashed">
   <property name="geometry">
    <rect>
     <x>20</x>
     <y>35</y>
     <width>251</width>
     <height>21</height>
    </rect>
   </property>
   <property name="font">
    <font>
     <pointsize>11</pointsize>
     <weight>75</weight>
     <bold>true</bold>
    </font>
   </property>
   <property name="text">
    <string>Will be hashed</string>
   </property>
  </widget>
  <widget class="QLabel" name="result">
   <property name="geometry">
    <rect>
     <x>20</x>
     <y>180</y>
     <width>200</width>
     <height>21</height>
    </rect>
   </property>
   <property name="font">
    <font>
     <pointsize>11</pointsize>
     <weight>75</weight>
     <bold>true</bold>
    </font>
   </property>
   <property name="text">
    <string>Result</string>
   </property>
  </widget>
  <widget class="QPushButton" name="load_file">
    <property name="geometry">
        <rect>
            <x>160</x>
            <y>300</y>
            <width>220</width>
            <height>51</height>
        </rect>
    </property>
    <property name="text">
        <string>Load File</string>
    </property>
</widget>
  <widget class="QPushButton" name="save_result">
    <property name="geometry">
        <rect>
            <x>390</x>
            <y>300</y>
            <width>220</width>
            <height>51</height>
        </rect>
    </property>
    <property name="text">
        <string>Save Result</string>
    </property>
</widget>
 </widget>
 <resources/>
 <connections/>
</ui>